{
  "best_val_loss": 3.190351986198974,
  "test_accuracy": 0.1829227134660817,
  "test_loss": 3.2203008112289924,
  "test_samples": 17778,
  "train_samples": 142224,
  "val_samples": 17778
}